Title,href,news_format,remark
ข่าวทำเนียบรัฐบาล,https://www.thaigov.go.th/news/contents/index/1175,y,
สรุปข่าวการประชุม ครม.,https://www.thaigov.go.th/news/contents/index/1176,y,มีติด \r\n\xa0 ใน detail อยู่
คำกล่าวสุนทรพจน์,https://www.thaigov.go.th/news/contents/index/1205,y,มีติด \r\nใน detail อยู่
ทัน LINE ไทยคู่ฟ้า,https://www.thaigov.go.th/news/contents/index/1178,y,ไม่มี date และ title เป็น ...
ชี้แจงประเด็นสำคัญ	,https://www.thaigov.go.th/news/contents/index/1179,y,
นวัตกรรมสร้างชาติ	,https://www.thaigov.go.th/news/contents/index/1211,y,
รายการวิทยุไทยคู่ฟ้า,https://www.thaigov.go.th/news/contents/index/1188,y,"มีติด \r\nใน detail อยู่ , title เป็นวันที่ออกอากาศ"
การประชุมสุดยอดอาเซียน ครั้งที่ 35,https://www.thaigov.go.th/news/contents/index/1207,y,
สรุปคำตอบกระทู้ถาม,https://www.thaigov.go.th/news/contents/index/1212,y,มีติด \r\n\xa0 ใน detail อยู่
ข่าวนายกรัฐมนตรี,https://www.thaigov.go.th/news/contents/index/1224,y,บางอันไม่มี date
ข่าวรองนายกรัฐมนตรี / รัฐมนตรีประจำสำนักนายกรัฐมนตรี,https://www.thaigov.go.th/news/contents/index/1225,y,
ข่าวคณะโฆษก,https://www.thaigov.go.th/news/contents/index/1226,y,
กระทู้จากสภา มาทำเนียบ,https://www.thaigov.go.th/news/contents/index/1228,y,มีติด \r\n\xa0 ใน detail อยู่
ด้านความมั่นคง	,https://www.thaigov.go.th/news/contents/index/28,y,
ด้านกฎหมายฯ,https://www.thaigov.go.th/news/contents/index/29,y,
ด้านวัฒนธรรมท่องเที่ยวฯ,https://www.thaigov.go.th/news/contents/index/30,y,ไม่มี date
ด้านการศึกษาฯ,https://www.thaigov.go.th/news/contents/index/31,y,ไม่มี date
ด้านสังคม,https://www.thaigov.go.th/news/contents/index/32,y,ไม่มี date
ด้านเศรษฐกิจ,https://www.thaigov.go.th/news/contents/index/33,y,
ข่าวทันสถานการณ์โควิด-19,https://www.thaigov.go.th/news/contents/index/1214,y,
ถามให้ชัด รัฐจะเคลียร์,https://www.thaigov.go.th/news/contents/index/1216,y,QA ประกอบ infographic
มาตรการเยียวยาฯ	,https://www.thaigov.go.th/news/contents/index/1220,y,
คลังภาพ,https://www.thaigov.go.th/gallery/contents,n,
คลังวิดีโอ,https://www.thaigov.go.th/vdo/contents,n,
สื่อสิงพิมพ์ / นิตยสาร,https://www.thaigov.go.th/ebook/contents,n,
อินโฟกราฟฟิกดูง่ายเข้าใจเร็ว	,https://www.thaigov.go.th/infographic/contents,n,
ติดต่อเรา,https://www.thaigov.go.th/contactus,n,
แผนผังเว็บไซต์,https://www.thaigov.go.th/sitemap,n,
เพลงแต่งโดยนายกรัฐมนตรี,https://www.thaigov.go.th/vdo/contents/index/227,n,
คำสั่ง/ประกาศข้าราชการการเมืองและผู้ดำรงตำแหน่งทางการเมือง,https://spm.thaigov.go.th/CRTPRS/spm-sp-layout5-search-2.asp?s=POOF-ORDER&t=คำสั่ง+%2F+ประกาศ&z=a,n,
เรียนรู้สู้โควิด-19,https://www.thaigov.go.th/news/contents/index/1215,n,อยู่ใน news format แต่ข้างในเป็น infographic
สถานการณ์ COVID-19 ประจำวัน,https://www.thaigov.go.th/news/contents/details/29299,n,รวม pdf แจ้งสถานการณ์ COVID-19 ประจำวัน
ประกาศและคำสั่ง,https://www.thaigov.go.th/news/contents/details/27963,n,รวม pdf ประกาศและคำสั่ง
วาระงาน	,https://www.thaigov.go.th/calendar,n,แสดงวาระงาน ในรูปแบบปฎิทิน (wiget)
เกี่ยวกับรัฐบาล,https://www.thaigov.go.th/aboutus/current,n,ประวัติ ทำเนียบ นายกรัฐมนตรี คณะรัฐมนตรี นโยบายรัฐบาล