,panel_heading,url,hidden_date,date,h3,title,detail
0,ข่าวทำเนียบรัฐบาล,https://www.thaigov.go.th/news/contents/details/67261,วันอังคารที่ 18 เมษายน 2566,12/04/2566,เลขาธิการนายกรัฐมนตรี เป็นประธานพิธีทำบุญอาคาร 44 สำนักเลขาธิการนายกรัฐมนตรี และงานสงกรานต์ 2566 “สลน. สืบสานสงกรานต์ไทย ร่วมใจรักษ์วัฒนธรรม”,เลขาธิการนายกรัฐมนตรี เป็นประธานพิธีทำบุญอาคาร 44 สำนักเลขาธิการนายกรัฐมนตรี และงานสงกรานต์ 2566 “สลน. สืบสานสงกรานต์ไทย ร่วมใจรักษ์วัฒนธรรม”,"วันนี้ (12 เมษายน 2566) เวลา 10.30 น. ณ บริเวณ โถงกลาง อาคาร 44 สำนักเลขาธิการนายกรัฐมนตรี (สลน.) ทำเนียบรัฐบาล นายพีระพันธุ์ สาลีรัฐวิภาค เลขาธิการนายกรัฐมนตรี เป็นประธานพิธีทำบุญอาคาร 44 สำนักเลขาธิการนายกรัฐมนตรี และงานสงกรานต์ 2566 “สลน.สืบสานสงกรานต์ไทย ร่วมใจรักษ์วัฒนธรรม” โดยมีนายประทีป กีรติเรขา รองเลขาธิการนายกรัฐมนตรีฝ่ายการเมือง นายอนุชา บูรพชัยศรี รองเลขาธิการนายกรัฐมนตรีฝ่ายการเมือง ปฏิบัติหน้าที่โฆษกประจำสำนักนายกรัฐมนตรี นางนิชา หิรัญบูรณะ ธุวธรรม รองเลขาธิการนายกรัฐมนตรีฝ่ายบริหาร นางนันทวรรณ ชื่นศิริ รองเลขาธิการนายกรัฐมนตรีฝ่ายบริหาร พร้อมด้วย ผู้บริหารสำนักเลขาธิการนายกรัฐมนตรี และบุคลากรสำนักเลขาธิการนายกรัฐมนตรี เข้าร่วมตามลำดับพิธีดังนี้ 

เลขาธิการนายกรัฐมนตรีจุดเทียน ธูป บูชาพระรัตนตรัย เจ้าหน้าที่อาราธนาศีล พิธีเจริญพระพุทธมนต์ เลขาธิการนายกรัฐมนตรีและผู้บริหารสำนักเลขาธิการนายกรัฐมนตรี ถวายปัจจัยไทยธรรม พระสงฆ์อนุโมทนา เลขาธิการนายกรัฐมนตรีและผู้ร่วมพิธีกรวดน้ำรับพร แล้วมัคนายกนำกราบลาพระรัตนตรัย เลขาธิการนายกรัฐมนตรี รองเลขาธิการนายกรัฐมนตรีฝ่ายการเมือง และคณะผู้บริหารสำนักเลขาธิการนายกรัฐมนตรี ร่วมถวายเพลพระสงฆ์ 

ต่อจากนั้น รองเลขาธิการนายกรัฐมนตรีฝ่ายบริหาร (นางนิชา หิรัญบูรณะ ธุวธรรม) ประธานกรรมการสวัสดิการสำนักเลขาธิการนายกรัฐมนตรี กล่าวนำขอรับพรในงาน “สลน.สืบสานสงกรานต์ไทย ร่วมใจรักษ์วัฒนธรรม” เนื่องในโอกาสเทศกาลสงกรานต์ วันขึ้นปีใหม่ไทย พุทธศักราช 2566 ในนามของชาวสำนักเลขาธิการนายกรัฐมนตรี ผู้จัดงาน “สลน.สืบสานสงกรานต์ไทย ร่วมใจรักษ์วัฒนธรรม” ขอขอบคุณท่านเลขาธิการนายกรัฐมนตรีเป็นอย่างยิ่ง ที่กรุณาให้เกียรติมาเป็นประธานในงานวันนี้ และถือโอกาสมงคลนี้จัดงานทำบุญอาคารใหม่ ซึ่งเป็นสถานที่ทำงานของสำนักเลขาธิการนายกรัฐมนตรีที่ได้รับการปรับปรุงให้มีสภาพแวดล้อมและสิ่งอำนวยความสะดวกต่อการปฏิบัติหน้าที่ได้อย่างมีประสิทธิภาพมากยิ่งขึ้น เทศกาลสงกรานต์ถือเป็นประเพณีวันขึ้นปีใหม่ของไทยที่มีมาอย่างยาวนาน เป็นประเพณีที่งดงามและเต็มไปด้วยบรรยากาศของความกตัญญู ความสนุกสนาน ความอบอุ่น และการให้เกียรติเคารพซึ่งกันและกัน สะท้อนให้เห็นถึงลักษณะของความเป็นไทยได้อย่างชัดเจน สำนักเลขาธิการนายกรัฐมนตรีได้จัดงานเพื่อสืบสานประเพณีอันดีงามนี้สืบเนื่องกันมาทุกปี เพื่ออนุรักษ์ประเพณีอันงดงามของไทย และเพื่อให้การจัดกิจกรรมในวันนี้สามารถเสริมสร้างมิตรภาพ ความรัก ความสามัคคี ของชาวสำนักเลขาธิการนายกรัฐมนตรีให้แน่นแฟ้นยิ่งขึ้น

โอกาสนี้ เลขาธิการนายกรัฐมนตรี กล่าวแสดงความยินดีและเป็นเกียรติที่ได้มาเป็นประธานในงาน “สลน. สืบสานสงกรานต์ไทย ร่วมใจรักษ์วัฒนธรรม” และถือเป็นโอกาสดีที่ได้ทำบุญอาคารใหม่ของสำนักเลขาธิการนายกรัฐมนตรีในวันนี้ โดยเป็นวันแรกหลังจากหลายปีที่ไม่ได้มีงานสงกรานต์ สำหรับที่ทำงานใหม่นี้ คือบ้านหลังใหม่ของ สลน. ดังนั้น ขอให้ทุกคนได้ทำงานอย่างมีความสุขที่นี่ ที่สำคัญคือการทำหน้าที่ของสำนักเลขาธิการนายกรัฐมนตรี ในความเป็นจริงเปรียบเสมือนกับการทำหน้าที่ของทุกกระทรวงในรัฐบาล เพราะฉะนั้นหน่วยงาน สลน. เป็นหน่วยงานที่มีความสำคัญ ที่ไม่ใช่สำคัญเฉพาะรองรับภารกิจของนายกรัฐมนตรี แต่เป็นการรองรับปัญหาของพี่น้องประชาชนทั้งประเทศผ่านทางกระทรวงต่าง ๆ ที่รายงานมา และขอความเห็นชอบจากนายกรัฐมนตรี จึงขอให้บุคลากร สลน. ได้ภูมิใจในการปฏิบัติหน้าที่และช่วยกันทำหน้าที่ให้ดี เพื่อสามารถช่วยเหลือพี่น้องประชาชนและบ้านเมืองได้ 

ในตอนท้าย เลขาธิการนายกรัฐมนตรีกล่าวขอให้บุคลากร สลน. ช่วยกันดูแลทำนุบำรุงสถานที่ทำงานอาคารใหม่แห่งนี้ ให้คงสภาพสวยงามอยู่เสมอ พร้อมกล่าวอวยพรในโอกาสวันสงกรานต์ปีใหม่ไทย อาราธนาคุณพระศรีรัตนตรัยและสิ่งศักดิ์สิทธิ์ทั้งหลายในสากลโลกที่ทุกคนเคารพนับถือ ส่งผลอำนวยพรให้ทุกคนมีสุขภาพพลานามัยที่แข็งแรงสมบูรณ์ มีกำลังกายกำลังใจ ทำหน้าที่การงานภารกิจส่วนตัวให้สำเร็จลุล่วงไปได้ด้วยดี และขอให้ทุกคนปลอดภัยจากโรคภัยไข้เจ็บและเดินทางปลอดภัย 

หลังจากนั้น เลขาธิการนายกรัฐมนตรี รองเลขาธิการนายกรัฐมนตรีฝ่ายการเมือง และรองเลขาธิการนายกรัฐมนตรีฝ่ายบริหาร เจ้าหน้าที่ สลน. ร่วมกันสรงน้ำพระพุทธ และถ่ายรูปร่วมกัน"
1,ข่าวทำเนียบรัฐบาล,https://www.thaigov.go.th/news/contents/details/61747,วันศุกร์ที่ 18 พฤศจิกายน 2565,18/11/2565,ภริยานายกรัฐมนตรีนำคณะคู่สมรสผู้นำเขตเศรษฐกิจเอเปคเข้าเยี่ยมชมพิพิธภัณฑ์ศิลป์แผ่นดิน เผยแพร่ผลงานศิลปหัตถกรรมประณีตศิลป์ไทยสู่สายตาชาวโลก,ภริยานายกรัฐมนตรีนำคณะคู่สมรสผู้นำเขตเศรษฐกิจเอเปคเข้าเยี่ยมชมพิพิธภัณฑ์ศิลป์แผ่นดิน เผยแพร่ผลงานศิลปหัตถกรรมประณีตศิลป์ไทยสู่สายตาชาวโลก ยกพระราชกรณียกิจสมเด็จพระนางเจ้าสิริกิติ์ฯ ทรงพัฒนาคุณภาพชีวิตผู้ด้อยโอกาสตามแนวคิด Open. Connect. Balance,"วันนี้ (18 พ.ย. 65) เวลา 9.30 น. รศ.นราพร จันทร์โอชา  ภริยานายกรัฐมนตรี ได้นำคณะคู่สมรสผู้นำเขตเศรษฐกิจเอเปค จาก 7 เขตเศรษฐกิจเข้าเยี่ยมชมพิพิธภัณฑ์ศิลป์แผ่นดิน ตำบลเกาะเกิด อำเภอบางปะอิน จังหวัดพระนครศรีอยุธยา โดยมีคณะภริยารองนายกรัฐมนตรี และผู้บริหารพิพิธภัณฑ์ศิลป์แผ่นดิน ให้การต้อนรับ

สำหรับคณะคู่สมรสผู้นำฯ ที่เข้าร่วมในครั้งนี้ ประกอบด้วย ศ.เผิง ลี่ หยวน สาธารณรัฐประชาชนจีน  นางอิเรียนา โจโค วิโดโด สาธารณรัฐอินโดนีเซีย นางยูโกะ คิชิดะ ญี่ปุ่น  นางลูอิส คาโช อาราเนตา-มาร์โคส สาธารณรัฐฟิลิปปินส์ นางโซเฟีย จาง จีนไทเป นายดักลาส เอ็มฮอฟฟ์ สหรัฐอเมริกา และนางเจิ่น เหวียต ทู สาธารณรัฐสังคมนิยมเวียดนาม

รศ.นราพร  กล่าวระหว่างการนำคณะคู่สมรสผู้นำฯ ชมพิพิธภัณฑ์ว่า ในปี 2565 พร้อมกับการเป็นเจ้าภาพการจัดประชุมเขตเศรษฐกิจเอเปค ประเทศไทยได้มีการเฉลิมฉลองในวาระปีมหามงคลเฉลิมพระชนมพรรษา 90 พรรษา สมเด็จพระนางเจ้าสิริกิตติ์ พระบรมราชินีนาถ พระบรมราชชนนีพันปีหลวง ซึ่งการได้เชิญคณะคู่สมรสผู้นำฯ เข้าเยี่ยมชมพิพิธภัณฑ์ศิลป์แผ่นดินอันซึ่งพระองค์ทรงก่อตั้ง จะเป็นโอกาสสำคัญที่ประเทศไทยจะได้เผยแพร่ศิลปะอันเป็นภูมิปัญญาของคนไทย พร้อมกับเฉลิมพระเกียรติและเผยแพร่พระราชกรณียกิจของสมเด็จพระนางเจ้าสิริกิติ์ฯ ที่พระองค์ท่านทรงดำเนินเพื่อพัฒนาคุณภาพชีวิตของประชาชนชาวไทยอย่างยั่งยืน ซึ่งมีแนวทางที่สอดคล้องกับแนวคิดของการประชุมเอเปคในปีนี้ นั่นคือ เปิดกว้าง สร้างสัมพันธ์ เชื่อมโยงกันสู่สมดุล (Open. Connect. Balance.)

โดยพระราชกรณียกิจของพระองค์ท่านได้สนับสนุนให้ชาวบ้านผู้ด้อยโอกาสได้เปิดโลกทัศน์ด้วยการเรียนรู้ที่จะเป็นช่างฝีมือ มีการเชื่อมต่อกับผู้ที่ชื่นชอบศิลปะเพื่อนำผลงานของพวกเขาไปสู่ตลาดที่กว้างขึ้น ทั้งยังรักษาสมดุลระหว่างบทบาทเกษตรกรและช่างฝีมือ  และผลงานต่างๆ นั้นก็มาจากวัสดุในท้องถิ่นเป็นมิตรกับสิ่งแวดล้อม เปรียบเหมือนการได้บุกเบิกเศรษฐกิจโมเดล BCG ตามแนวคิดที่ประเทศไทยผลักดันในเวทีเอปคในปีนี้

ภริยานายกรัฐมนตรีได้นำคณะคู่สมรสผู้นำฯ ชมนิทรรศการภายในพิพิธภัณฑ์ฯ และการสาธิตงานหัตถศิลป์กับชิ้นงานที่จัดแสดง ได้แก่ งานจักสานย่านลิเภาและงานจักสานย่านลิเภาสอดปีกแมลงทับ งานสานเส้นเงิน  งานคร่ำ งานถมทอง(สลักดุน) งานถมทอง(เขียนลาย-กัดกรด) งานผ้าปักไหมน้อย

พร้อมกันนี้ ภริยานายกรัฐมนตรีได้เป็นผู้แทนมอบของที่ระลึกซึ่งได้รับพระราชทานจากสมเด็จพระเจ้าลูกเธอ เจ้าฟ้าสิริวัณณวรี นารีรัตนราชกัญญา แก่คณะคู่สมรสผู้นำฯ เป็นกระเป๋าผ้าไหมไทยคอลเลคชั่น ‘S’Craft: Craftsmanship‘ ซึ่งทรงออกแบบเนื่องในวโรกาสเฉลิมฉลองพระชนมพรรษา 90 พรรษา สมเด็จพระนางเจ้าสิริกิติ์ฯ โดยผลงานการออกแบบผ้าไหมทอมือจากท้องถิ่นทั่วประเทศและมูลนิธิส่งเสริมศิลปาชีพนี้ แสดงถึงพระราชประสงค์ที่จะสืบสานภูมิปัญญาผ้าไทย และสืบสานพระราชปณิธานของสมเด็จพระนางเจ้าสิริกิติ์ฯ ในการส่งเสริมผ้าทอไทยและใช้ประโยชน์จากผ้าไหมไทยในระดับโลก

ภายหลังเสร็จสิ้นการเข้าเยี่ยมชมแล้ว ภริยานายกรัฐมนตรี ได้เป็นเจ้าภาพเลี้ยงอาหารกลางวันแก่คณะคู่สมรสผู้นำเขตเศรษฐกิจเอเปค  ณ โถงบุษบกจตุรมุขพิมาน ซึ่งบนโต๊ะอาหารได้จัดวางของที่ระลึกเป็นตลับถมเงินขนาดเล็ก พร้อมคำอธิบายชิ้นงานที่แสดงถึงภูมิปัญญาด้านศิลปะในข้าวของเครื่องใช้ของคนไทยที่มีมาอย่างยาวนาน เพื่อมอบเป็นที่ระลึกแก่คณะคู่สมรสผู้นำฯ

นอกจากนี้ ระหว่างมื้ออาหารคณะยังได้รับชมการแสดงโขน ""ทศกัณฐ์และนางเกญจกาย"" ศิลปะการแสดงชั้นสูง ซึ่งเป็นศาสตร์และศิลป์อันทรงคุณค่าของไทยที่ได้รับการขึ้นทะเบียนจากองค์การยูเนสโก ให้อยู่ในรายการตัวแทนมรดกทางวัฒนธรรมที่จับต้องไม่ได้ของมนุษยชาติ (Representative List of Intangible Cultural Heritage of Humankind) เมื่อปี 2561 ที่ผ่านมา จากนั้น ภริยานายกรัฐมนตรีและคณะคู่สมรสผู้นำฯ ได้ถ่ายภาพร่วมกันบริเวณด้านหน้าบุษบกจตุรมุขพิมาน เยี่ยมชมร้านขายของที่ระลึกก่อนเดินทางกลับเพื่อเข้าร่วมภารกิจที่เกี่ยวข้องต่อไป"
2,ข่าวทำเนียบรัฐบาล,https://www.thaigov.go.th/news/contents/details/56918,วันเสาร์ที่ 16 กรกฎาคม 2565,16/07/2565,ชี้แจงประเด็นความต่อเนื่องของการประชุมคณะกรรมการ ป.ย.ป. และความคลาดเคลื่อนของข้อมูลบนเว็บไซต์สำนักงาน ป.ย.ป.,ชี้แจงประเด็นความต่อเนื่องของการประชุมคณะกรรมการ ป.ย.ป. และความคลาดเคลื่อนของข้อมูลบนเว็บไซต์สำนักงาน ป.ย.ป.,"วันที่ 15 กรกฎาคม 2565 นายศุภฤกษ์ ภู่พงศ์ศักดิ์ โฆษกสำนักงาน ป.ย.ป. ชี้แจงประเด็นความต่อเนื่องของการประชุมคณะกรรมการขับเคลื่อนการปฏิรูปประเทศ ยุทธศาสตร์ชาติ และการสร้างความสามัคคีปรองดอง (คณะกรรมการ ป.ย.ป.) และความคลาดเคลื่อนของข้อมูลเกี่ยวกับจำนวนผู้เข้าชมเว็บไซต์สำนักงาน ป.ย.ป. ซึ่งต่ำกว๋าความเป็นจริงและความคลาดเคลื่อนของข้อมูลคณะกรรมการ ป.ย.ป. สืบเนื่องจากการประชุมคณะกรรมาธิการวิสามัญพิจารณาร่างพระราชบัญญัติงบประมาณรายจ่ายประจำปีงบประมาณ พ.ศ. 2566 เมื่อวันที่ 12 กรกฎาคม 2565  ดังนี้
 
1. คณะกรรมการ ป.ย.ป. ได้มีการประชุมเพื่อวางแนวทางการดำเนินงานของสำนักงาน ป.ย.ป. เมื่อวันที่ 19 มิถุนายน 2563 โดยให้สำนักงาน ป.ย.ป. ปรับปรุงรูปแบบการรายงานข้อมูลผลการปฏิบัติงานและผลสัมฤทธิ์ในการดำเนินการตามยุทธศาสตร์ชาติและการปฏิรูปประเทศของทุกส่วนราชการ ตลอดจนเผยแพร่ข้อมูลเพื่อสร้างการรับรู้แก่สาธารณชนให้ถูกต้องและทั่วถึง ซึ่งปัจจุบันสำนักงาน ป.ย.ป. ได้พัฒนาระบบสำหรับการติดตามความคืบหน้าการขับเคลื่อนแผนงาน / โครงการสำคัญของประเทศ และเผยแพร่ข้อมูลข่าวสารการดำเนินงานแก่สาธารณะ อย่างเป็นปัจจุบัน ผ่านทางเว็บไซต์ https://thailandbigrock.sto.go.th อันเป็นไปตามแนวทางที่คณะกรรมการ ป.ย.ป. ได้วางไว้ และได้รายงานผลการดำเนินงานทั้งหมดของสำนักงาน ตลอดจนเสนอแนะมาตรการและแนวทางการดำเนินการติดตามขับเคลื่อน การแก้ไขปัญหาการดำเนินการที่เกี่ยวข้องกับยุทธศาสตร์ชาติและการปฏิรูปประเทศ ต่อนายกรัฐมนตรีและคณะรัฐมนตรีเพื่อรับทราบและพิจารณาทุกระยะอย่างต่อเนื่อง ดังนั้น ในขณะนี้จึงยังไม่มีความจำเป็นในการดำเนินการเพื่อให้มีการประชุมคณะกรรมการ ป.ย.ป. เพิ่มเติมจากการประชุมครั้งก่อนซึ่งได้กำหนดแนวทางที่วางไว้เดิม
 
2. สำนักงาน ป.ย.ป. ได้ตรวจสอบความคลาดเคลื่อนของข้อมูลบนเว็บไซต์ https://sto.go.th แล้ว พบว่าเกิดจากความผิดพลาดของระบบประมวลผล และความคลาดเคลื่อนของการนำเข้าข้อมูลสู่ระบบ ซึ่งสำนักงาน ป.ย.ป. ได้เร่งดำเนินการปรับปรุงแก้ไขระบบและข้อมูลให้มีความถูกต้องและเป็นปัจจุบันแล้ว พร้อมทั้งได้ปรับปรุงระบบการปฏิบัติงานของสำนักงานเพื่อป้องกันมิให้เกิดข้อผิดพลาดอีก"
3,ข่าวทำเนียบรัฐบาล,https://www.thaigov.go.th/news/contents/details/56356,วันพฤหัสบดีที่ 30 มิถุนายน 2565,30/06/2565,ศบค. เผย สธ. ติดตามกรณีเชื้อกลายพันธุ์ BA.4 - BA.5 อย่างต่อเนื่อง ผู้ติดเชื้อส่วนใหญ่เป็นผู้ที่เดินทางมาจากต่างประเทศ เบื้องต้นยังไม่มีการปรับมาตรการ,ศบค. เผย สธ. ติดตามกรณีเชื้อกลายพันธุ์ BA.4 - BA.5 อย่างต่อเนื่อง ผู้ติดเชื้อส่วนใหญ่เป็นผู้ที่เดินทางมาจากต่างประเทศ เบื้องต้นยังไม่มีการปรับมาตรการ ยืนยัน ปัจจุบันการแพร่ระบาดในประเทศยังคงเป็นสายพันธุ์โอไมครอน,วันนี้ (30 มิถุนายน 2565) 12.30 ณ โถงกลาง ตึกสันติไมตรี ทำเนียบรัฐบาล แพทย์หญิง อภิสมัย ศรีรังสรรค์ ผู้ช่วยโฆษกศูนย์บริหารสถานการณ์การแพร่ระบาดของโรคติดเชื้อไวรัสโคโรนา 2019 (ศบค.) ได้กล่าวถึงกรณีเชื้อกลายพันธ์ BA.4 - BA.5 ว่า ณ ขณะนี้ กระทรวงสาธารณสุขและกรมวิทยาศาสตร์การแพทย์ ได้ติดตามสถานการณ์อย่างใกล้ชิด ปัจจุบันมีรายงานว่าผู้ติดเชื้อสายพันธุ์นี้ส่วนมากจะเป็นผู้ที่เดินทางมาจากต่างประเทศ มีการพบการติดเชื้อในประชากรไทยบ้าง แต่เป็นสัดส่วนที่น้อยกว่ามาก โดยสายพันธุ์ที่มีการแพร่ระบาดในประเทศไทยปัจจุบันยังคงเป็นสายพันธุ์โอไมครอน ปัจจุบันจากการติดตามข้อมูลจากองค์การอนามัยโลกยังไม่พบว่าสายพันธุ์ BA.4 - BA.5 มีความรุนแรงเทียบเท่าสายพันธุ์เดลต้า  ยืนยันกระทรวงสาธารณสุข และ ศบค. ชุดเล็ก จะทำการติดตามสถานการณ์การแพร่ระบาดของเชื้อกลายพันธุ์ BA.4 - BA.5 อย่างต่อเนื่อง อย่างไรก็ตาม ในเบื้องต้นยังไม่มีการปรับมาตรการที่แตกต่างจากสรุปของที่ประชุม ศบค. ชุดใหญ่ในช่วง 2 สัปดาห์ที่ผ่านมา ซึ่งหากต้องมีการปรับเปลี่ยนอย่างไร ต้องมีการนำเสนอในที่ประชุม ศบค. ชุดใหญ่ ในวันที่ 8 กรกฎาคม นี้
4,ข่าวทำเนียบรัฐบาล,https://www.thaigov.go.th/news/contents/details/55703,วันอังคารที่ 14 มิถุนายน 2565,14/06/2565,รัฐบาลเตรียมจัดงานเฉลิมพระเกียรติสมเด็จพระนางเจ้าสิริกิติ์ พระบรมราชินีนาถ พระบรมราชชนนีพันปีหลวง เนื่องในโอกาสมหามงคลเฉลิมพระชนมพรรษา 90 พรรษา 12 สิงหาคม 2565,รัฐบาลเตรียมจัดงานเฉลิมพระเกียรติสมเด็จพระนางเจ้าสิริกิติ์ พระบรมราชินีนาถ พระบรมราชชนนีพันปีหลวง เนื่องในโอกาสมหามงคลเฉลิมพระชนมพรรษา 90 พรรษา 12 สิงหาคม 2565,"วันที่ 14 มิถุนายน 2565 นายธีรภัทร ประยูรสิทธิ ปลัดสำนักนายกรัฐมนตรี เปิดเผยว่า คณะกรรมการฝ่ายพิธีการการจัดงานเฉลิมพระเกียรติสมเด็จพระนางเจ้าสิริกิติ์ พระบรมราชินีนาถ พระบรมราชชนนีพันปีหลวง เนื่องในโอกาสมหามงคลเฉลิมพระชนมพรรษา 90 พรรษา 12 สิงหาคม 2565 โดยมีรองนายกรัฐมนตรี (นายวิษณุ  เครืองาม) เป็นประธานกรรมการ ได้มีการประชุมเตรียมการจัดงานเฉลิมพระเกียรติสมเด็จพระนางเจ้าสิริกิติ์ พระบรมราชินีนาถ พระบรมราชชนนีพันปีหลวง เนื่องในโอกาสมหามงคลเฉลิมพระชนมพรรษา 90 พรรษา 12 สิงหาคม 2565 ตามที่รัฐบาล โดย พลเอก ประยุทธ์ จันทร์โอชา นายกรัฐมนตรี ประธานกรรมการอำนวยการจัดงานเฉลิมพระเกียรติสมเด็จพระนางเจ้าสิริกิติ์ พระบรมราชินีนาถ พระบรมราชชนนีพันปีหลวง เนื่องในโอกาสมหามงคลเฉลิมพระชนมพรรษา 90 พรรษา 12 สิงหาคม 2565 ได้ขอพระราชทานพระบรมราชานุญาตดำเนินการจัดงานเฉลิมพระเกียรติฯ แล้ว สรุปการจัดงาน ดังนี้
 
1. กำหนดชื่อการจัดงานเฉลิมพระเกียรติฯ ว่า “การจัดงานเฉลิมพระเกียรติสมเด็จพระนางเจ้าสิริกิติ์ พระบรมราชินีนาถ พระบรมราชชนนีพันปีหลวง เนื่องในโอกาสมหามงคลเฉลิมพระชนมพรรษา 90 พรรษา 12 สิงหาคม 2565”และชื่อการจัดงานเฉลิมพระเกียรติฯ เป็นภาษาอังกฤษว่า “Celebrations on the Auspicious Occasion of Her Majesty Queen Sirikit The Queen Mother’s 90th Birthday Anniversary 12th August 2022”  โดยกำหนดขอบเขตการจัดงานเฉลิมพระเกียรติฯ ระหว่างวันที่ 1 มกราคม 2565 ถึงวันที่ 31 ธันวาคม 2565
 
2. มีตราสัญลักษณ์พระราชพิธีมหามงคลเฉลิมพระชนมพรรษา 90 พรรษา 12 สิงหาคม 2565 ซึ่งกรมศิลปากรดำเนินการออกแบบตราสัญลักษณ์ พร้อมความหมาย โดยผู้ประสงค์ขออนุญาตใช้ตราสัญลักษณ์ฯ จะต้องเป็นนิติบุคคล หน่วยงานของรัฐ ภาคเอกชน มูลนิธิ สมาคม ชมรม หรือ บริษัท ห้าง ร้าน ซึ่งการนำตราสัญลักษณ์ฯ เพื่อประดับหรือประดิษฐานบนสิ่งของใด ๆ จะพิจารณาถึงความเหมาะสมในเรื่องรูปแบบ วัตถุประสงค์ เจตนารมณ์ และจะต้องมีแผนดำเนินงานในระยะเวลาขอบเขตการจัดงานเฉลิมพระเกียรติฯ ระหว่างวันที่ 1 มกราคม 2565 ถึงวันที่ 31 ธันวาคม 2565 โดยสามารถยื่นคำขอระหว่างวันที่ 1 พฤษภาคม 2565 ถึงวันที่ 31 ตุลาคม 2565 และส่งคำขออนุญาตไปยังคณะกรรมการฝ่ายกลั่นกรองการขอใช้ตราสัญลักษณ์ การจัดงานเฉลิมพระเกียรติฯ สำนักงานปลัดสำนักนายกรัฐมนตรี ทำเนียบรัฐบาล สอบถามรายละเอียดได้ที่หมายเลขโทรศัพท์ 0 2283 4789 - 91 หรือดูรายละเอียดได้ที่เว็บไซต์ www.opm.go.th
 
3. การจัดทำโครงการและกิจกรรมร่วมเฉลิมพระเกียรติฯ 
การเชิญชวนหน่วยงานภาครัฐจัดทำโครงการและกิจกรรมร่วมเฉลิมพระเกียรติฯ ในระยะเวลาขอบเขตการจัดงาน ซึ่งขณะนี้มีหน่วยงานเสนอโครงการและกิจกรรมเข้าร่วมเฉลิมพระเกียรติฯ แล้วกว่า 1,000 โครงการ/กิจกรรม โดยมีโครงการและกิจกรรมสำคัญ ดังนี้
     
3.1 รัฐบาลจัดนิทรรศการเฉลิมพระเกียรติฯ “ด้วยรักแห่งแผ่นดิน : With Love  for the Nation” กำหนดระหว่างวันที่ 1 - 15 สิงหาคม 2565 ณ บริเวณถนนราชดำเนินกลางตั้งแต่สะพานผ่านฟ้าลีลาศถึงอนุสาวรีย์ประชาธิปไตย แบ่งเป็น 5 โซน ได้แก่ โซนที่ 1 จัดกิจกรรม ณ นิทรรศน์รัตนโกสินทร์ โดยการจัดนิทรรศการในรูปแบบ Live Exhibition ซึ่งมีแนวความคิดการจัดนิทรรศการเชื่อมโยงกับโครงการป่ารักน้ำอันเนื่องมาจากพระราชดำริ โซนที่ 2 จัดกิจกรรมการสาธิตและการออกร้านจำหน่ายผลิตภัณฑ์และผลผลิตจากการน้อมนำแนวพระราชดำริสมเด็จพระนางเจ้าสิริกิติ์ พระบรมราชินีนาถ พระบรมราชชนนีพันปีหลวง ณ บริเวณลานพลับพลามหาเจษฎาบดินทร์ และการจำหน่ายสินค้า รวมถึงสาธิตการทำขนม หรืองานประดิษฐ์ต่าง ๆ ณ ซอยดำเนินกลางใต้ (ฝั่งวัดราชนัดดาราม) โซนที่ 3 จัดกิจกรรม ณ หอศิลป์ร่วมสมัยราชดำเนิน โดยการนำเสนอเรื่องราววิถีชีวิตของคนไทยที่น้อมนำพระราชดำริเพื่อมาปรับใช้ทำให้มีชีวิตความเป็นอยู่ที่ดีขึ้น รวมถึงการแสดงศิลปวัฒนธรรมของภาคต่าง ๆ โซนที่ 4 จัดกิจกรรม ณ บริเวณป้อมมหากาฬ โดยจัดการเปิดพื้นที่สร้างสรรค์สำหรับเด็กและเยาวชน (Free Space) ได้แสดงความสามารถและผลงานที่มีความสร้างสรรค์และเป็นประโยชน์ต่อส่วนรวมในด้านต่าง ๆ และโซนที่ 5 จัดกิจกรรม ณ บริเวณป้อมมหากาฬและตลอดแนวคลองโอ่งอ่าง โดยจัดการออกร้านเลิศลิ้มชิมรส ซึ่งเป็นการจำหน่ายอาหารและเครื่องดื่มจากร้านที่มีชื่อเสียงจากทุกเขตของกรุงเทพมหานคร พร้อมทั้งเปิดให้ประชาชนเข้าสักการะสถานที่สำคัญ และร่วมกิจกรรมเฉลิมพระเกียรติฯ ภายในวัดเทพธิดารามและวัดราชนัดดาราม
        
3.2 โครงการมหกรรมผ้าไหมไทย ไหมไทยสู่เส้นทางโลก เฉลิมพระเกียรติฯ กำหนดในวันที่ 28 พฤษภาคม 2565 ณ หอประชุมกองทัพเรือ โดยมีการจัดนิทรรศการผ้าไหมไทย การแสดงแฟชั่นโชว์ชุดผ้าไหมไทย ซึ่งผู้เดินแบบเป็นผู้แทนจากรัฐบาลไทย คณะทูตานุทูตและคณะกงสุลจากประเทศต่าง ๆ รวม 100 ประเทศ
    
3.3 โครงการหนังสือสมาร์ท - สมุดรายนามผู้ผลิตผ้าไหมและผู้ประกอบการทั่วประเทศแบบดิจิตอลเฉลิมพระเกียรติฯ โดยนำรายชื่อผู้ผลิตและผู้ประกอบการผ้าไหมเข้าสู่ระบบดิจิตอล เพื่อจัดทำระบบฐานข้อมูลในรูปแบบ Social Media สื่อสิ่งพิมพ์ และ E-Book ทั้งภาษาไทยและภาษาอังกฤษ รวมทั้งจัดทำสมุดรายนามฉบับพิเศษเพื่อทูลเกล้าฯ ถวาย และเป็นของที่ระลึกแด่ผู้นำพร้อมคู่สมรส และผู้แทนจากต่างประเทศที่เข้าร่วมการประชุมความร่วมมือทางเศรษฐกิจในเอเชียแปซิฟิค (APEC) ปี 2565
 
4. การจัดทำสารสารคดีโทรทัศน์เฉลิมพระเกียรติฯ ในนามคณะกรรมการเอกลักษณ์ของชาติ เพื่อเผยแพร่ ในช่วงวันเฉลิมพระชนมพรรษา 
 
5. การจัดพิธีทางศาสนา
     
5.1 โครงการบรรพชาอุปสมบท 910 รูป เฉลิมพระเกียรติฯ กำหนดดำเนินการโครงการฯ ระหว่างวันที่ 25 กรกฎาคม 2565 ถึงวันที่ 13 สิงหาคม 2565 ส่วนกลางกำหนดจัดพิธี ณ วัดพระราม 9 กาญจนาภิเษก กรุงเทพมหานคร จำนวน 91 คน และส่วนภูมิภาคกำหนดจัดพิธี ณ วัดในจังหวัดต่าง ๆ ที่กำหนด จำนวน 819 คน ซึ่งขณะนี้อยู่ระหว่างดำเนินการรับสมัครตั้งแต่วันที่ 18 เมษายน 2565 ถึงวันที่ 31 พฤษภาคม 2565 
 
5.2 พิธีทำบุญตักบาตรพระสงฆ์ จำนวน 91 รูป จากโครงการบรรพชาอุปสมบทเฉลิมพระเกียรติฯ ถวายพระราชกุศล ในวันที่ 12 สิงหาคม 2565 ส่วนกลางจัดพิธี ณ ท้องสนามหลวง เวลา 07.30 น. ส่วนภูมิภาคทุกจังหวัดจัดพิธี ณ ศาลากลางจังหวัดหรือสถานที่ที่เหมาะสม และในต่างประเทศสถานเอกอัครราชทูตและสถานกงสุลพิจารณาการจัดพิธีตามที่เห็นสมควรและเหมาะสม 
    
5.3 พิธีทางศาสนามหามงคล 5 ศาสนา ถวายพระราชกุศล ได้แก่ ศาสนาพุทธ ศาสนาอิสลาม ศาสนาคริสต์ ศาสนาพราหมณ์-ฮินดู และศาสนาซิกข์ ในวันที่ 12 สิงหาคม 2565 เวลา 09.09 น. ส่วนกลางจัดพิธี ณ ท้องสนามหลวง พระสงฆ์ จำนวน 91 รูป ซึ่งเป็นพระสงฆ์จากโครงการพรรพชาอุปสมบทฯ และส่วนภูมิภาค ทุกจังหวัดจัดพิธี ณ ศาลากลางจังหวัดหรือสถานที่ที่เหมาะสม  
 
6. พิธีถวายเครื่องราชสักการะและวางพานพุ่ม และพิธีจุดเทียนถวายพระพรชัยมงคล ในวันที่ 12 สิงหาคม 2565 เวลา 18.00 น. และเวลา 19.19 น. ตามลำดับ ส่วนกลางจัดพิธี ณ ท้องสนามหลวง ส่วนภูมิภาคทุกจังหวัดจัดพิธี ณ ศาลากลางจังหวัดหรือสถานที่ที่เหมาะสม และในต่างประเทศสถานเอกอัครราชทูตและสถานกงสุลพิจารณาการจัดพิธีตามที่เห็นสมควรและเหมาะสม
 
7. กิจกรรมจิตอาสาบำเพ็ญสาธารณประโยชน์และสาธารณกุศล เพื่อถวายพระราชกุศลในระยะเวลาขอบเขตการจัดงานเฉลิมพระเกียรติฯ โดยสามารถจัดกิจกรรมจิตอาสาพัฒนาได้ตามความเหมาะสม
 
ปลัดสำนักนายกรัฐมนตรี กล่าวเพิ่มเติมว่า ขอเชิญชวนหน่วยงานภาครัฐ ภาคเอกชน และประชาชน ร่วมน้อมสำนึกในพระมหากรุณาธิคุณและแสดงความจงรักภักดี เนื่องในโอกาสมหามงคลเฉลิมพระชนมพรรษา 90 พรรษา สมเด็จพระนางเจ้าสิริกิติ์ พระบรมราชินีนาถ พระบรมราชชนนีพันปีหลวง ตลอดปี 2565 โดยร่วมจัดทำโครงการและกิจกรรมเฉลิมพระเกียรติฯ และถวายพระราชกุศลให้เป็นไปอย่างสมพระเกียรติ ในโอกาสดังกล่าว ทั้งนี้ การจัดกิจกรรมขอให้ดำเนินการตามมาตรการด้านสาธารณสุขอย่างเคร่งครัด พร้อมทั้งขอเชิญชวนหน่วยงานภาครัฐ ภาคเอกชน และประชาชน จัดตั้งโต๊ะหมู่ประดิษฐานพระฉายาลักษณ์ พร้อมเครื่องราชสักการะ ตกแต่งสถานที่ประดับพระฉายาลักษณ์ ประดับธงชาติคู่กับธงตราสัญลักษณ์พระราชพิธีมหามงคลเฉลิมพระชนมพรรษา 90 พรรษา 12 สิงหาคม 2565 พร้อมประดับผ้าระบายสีฟ้าร่วมกับผ้าระบายสีขาว ตามอาคารสถานที่ของหน่วยงานและบ้านเรือน จัดทำคำถวายพระพรชัยมงคลเผยแพร่ทางเว็บไซต์และสื่อออนไลน์ของหน่วยงาน และจัดการลงนามถวายพระพรชัยมงคลภายในหน่วยงานหรือทางเว็บไซต์ โดยดำเนินการตลอดเดือนสิงหาคม 2565"
5,ข่าวทำเนียบรัฐบาล,https://www.thaigov.go.th/news/contents/details/54952,วันอังคารที่ 24 พฤษภาคม 2565,24/05/2565,เลขาธิการนายกรัฐมนตรีเป็นผู้แทนนายกรัฐมนตรี รับมอบเครื่องฆ่าเชื้อโควิด-19 ด้วยรังสี UVC จาก ม.เทคโนโลยีพระจอมเกล้าธนบุรี เตรียมนำไปใช้ในห้องประชุม ครม. เป็นที่แรก,เลขาธิการนายกรัฐมนตรีเป็นผู้แทนนายกรัฐมนตรี รับมอบเครื่องฆ่าเชื้อโควิด-19 ด้วยรังสี UVC จาก ม.เทคโนโลยีพระจอมเกล้าธนบุรี เตรียมนำไปใช้ในห้องประชุม ครม. เป็นที่แรก,"วันนี้ (24 พฤษภาคม 2565) เวลา 14.30 น. ณ ห้องรับรอง 1 ตึกบัญชาการ 1 ทำเนียบรัฐบาล นายดิสทัต โหตระกิตย์ เลขาธิการนายกรัฐมนตรี เป็นประธานรับมอบเครื่องฆ่าเชื้อโควิด-19 ด้วยรังสี UVC จำนวน 2 เครื่อง จาก ผศ.ดร.ประเสริฐ คันธมานนท์ รองอธิบการบดีอาวุโสฝ่ายบริหาร มหาวิทยาลัยเทคโนโลยีพระจอมเกล้าธนบุรี และคณะ โดยมีนายประทีป กีรติเรขา รองเลขาธิการนายกรัฐมนตรีฝ่ายการเมือง นางนันทวรรณ ชื่นศิริ รองเลขาธิการนายกรัฐมนตรีฝ่ายบริหาร เข้าร่วมการรับมอบด้วย 
 
โอกาสนี้ เลขาธิการนายกรัฐมนตรีรับมอบเครื่องฆ่าเชื้อโควิด-19 ด้วยรังสี UVC จากมหาวิทยาลัยเทคโนโลยีพระจอมเกล้าธนบุรี พร้อมกล่าวว่า พลเอก ประยุทธ์ จันทร์โอชา นายกรัฐมนตรีและรัฐมนตรีว่าการกระทรวงกลาโหม มอบหมายให้เป็นผู้แทนรับมอบเครื่องฆ่าเชื้อโควิด-19 ในวันนี้ โดยนายกรัฐมนตรีฝากขอบคุณ และให้กำลังใจคณะผู้วิจัยทุกท่าน ทั้งนี้ มหาวิทยาลัยเทคโนโลยีพระจอมเกล้าธนบุรี จะเป็นหน่วยผลิตเครื่องฆ่าเชื้อโควิด-19 ด้วยรังสี UVC ที่จะเข้ามาช่วยเหลือประชาชนจากการแพร่ระบาดของเชื้อโรค ด้วยต้นทุนที่ต่ำแต่มีประสิทธิภาพสูง ซึ่งรัฐบาลพร้อมให้การสนับสนุนคณะผู้วิจัยอย่างเต็มที่ รวมทั้งจะช่วยเผยแพร่และประชาสัมพันธ์ไปยังหน่วยงานอื่น ๆ ที่ให้ความสนใจด้วย โดยเครื่องฆ่าเชื้อโควิด-19 ด้วยรังสี UVC ที่ได้รับมอบในวันนี้ จะเริ่มใช้ในห้องประชุมคณะรัฐมนตรีเป็นที่แรก
 
.........................."
6,ข่าวทำเนียบรัฐบาล,https://www.thaigov.go.th/news/contents/details/54897,วันจันทร์ที่ 23 พฤษภาคม 2565,23/05/2565,รมว.กก.แถลงข่าวต้อนรับ Amazean Jungle Trail By UTMB อ.เบตง จ.ยะลา เป็นเทรลระดับโลกสนามที่ 2 ของไทย ที่ผ่านเข้าสู่ UTMB World Series อย่างเป็นทางการ,รมว.กก.แถลงข่าวต้อนรับ Amazean Jungle Trail By UTMB อ.เบตง จ.ยะลา เป็นเทรลระดับโลกสนามที่ 2 ของไทย ที่ผ่านเข้าสู่ UTMB World Series อย่างเป็นทางการ พร้อมเชิญชวนคนไทย-นักท่องเที่ยวทั่วโลก ร่วมกิจกรรมวิ่งเทรลครั้งต่อไป,"วันที่ 23 พฤษภาคม 2565 เวลา 14.00 น. ณ ศูนย์แถลงข่าวรัฐบาล ตึกนารีสโมสร ทำเนียบรัฐบาล นายพิพัฒน์ รัชกิจประการ รัฐมนตรีว่าการกระทรวงการท่องเที่ยวและกีฬา (รมว.กก.) เป็นประธานการแถลงข่าวต้อนรับ Amazean Jungle Trail By UTMB ที่ได้รับการบรรจุใน UTMB World Series เป็นสนามที่ 2 ของไทย อย่างเป็นทางการ โดยมี พลเรือตรี สมเกียรติ ผลประยูร เลขาธิการศูนย์อำนวยการบริหารจังหวัดชายแดนภาคใต้ (เลขาธิการ ศอ.บต.) นายสิรภพ ดวงสอดศรี ที่ปรึกษารัฐมนตรีว่าการกระทรวงการท่องเที่ยวและกีฬา นายก้องศักด ยอดมณี ผู้ว่าการการกีฬาแห่งประเทศไทย นายอภิชัย ฉัตรเฉลิมเกียรติ รองผู้ว่าการด้านสินค้าและธุรกิจท่องเที่ยว การท่องเที่ยวแห่งประเทศไทย และ Mrs. Sabrina De Nadai ตัวแทน UTMB Asia ร่วมการแถลงข่าวด้วย 

โครงการ Amazing Jungle Trail ที่ได้จัดขึ้นระหว่างวันที่ 6-8 พฤษภาคม 2565 มีที่มาจากมติของที่ประชุมคณะกรรมการยุทธศาสตร์ด้านการพัฒนาจังหวัดชายแดนภาคใต้ (กพต.) โดยมีกระทรวงการท่องเที่ยวและกีฬาเป็นหน่วยงานหลัก บูรณาการร่วมกับศูนย์อำนวยการบริหารจังหวัดชายแดนภาคใต้ (ศอ.บต.) จังหวัดยะลา และการกีฬาแห่งประเทศไทย ภายใต้การสนับสนุนจากอีกหลายหน่วยงาน ได้แก่ กระทรวงกลาโหม กระทรวงมหาดไทย กระทรวงทรัพยากรธรรมชาติและสิ่งแวดล้อม กระทรวงสาธารณสุข กระทรวงการต่างประเทศ กระทรวงวัฒนธรรม กระทรวงคมนาคม จังหวัดยะลา และทุกภาคส่วน มีวัตถุประสงค์หลักเพื่อสร้างรายการแข่งขันระดับโลกให้เกิดขึ้นในจังหวัดชายแดนใต้ โดยในการแข่งขันครั้งนี้ มีผู้ร่วมรายการกว่า 1,000 คน จาก 14 ประเทศ สร้างผลกระทบทางสังคมได้มากกว่า 140 ล้านบาท มีเสียงตอบรับที่ดีจากชุมชนในท้องถิ่นและนักท่องเที่ยวที่ร่วมการแข่งขันในครั้งนี้อย่างเกินความคาดหมาย ส่งผลให้การแข่งขันนี้ ผ่านการประเมิน ได้รับการประกาศให้เป็น 1 ในสนาม UTMB World Series นับเป็นสนามที่ 2 ของประเทศไทย 

สำหรับกิจกรรมคู่ขนาน “Amazing Betong Festival” ที่ประกอบด้วย กิจกรรมการแข่งขันกีฬายิงธนู เทศกาลไฟประดับเมือง เทศกาลอาหารเบตง กิจกรรม วิ่ง เที่ยว ดื่ม กิน เช็คอิน@เบตง ก็ได้รับการตอบรับจากนักท่องเที่ยว นักวิ่ง ผู้ติดตาม และคนในพื้นที่ เป็นอย่างดี ถือว่าเป็นอีกกิจกรรมที่ประสบความสำเร็จ สามารถกระตุ้นเศรษฐกิจเมืองเบตงให้มีความครึกครื้น ผู้คนออกมาจับจ่ายใช้สอย เกิดการกระจายรายได้ 

ในการนี้ รัฐมนตรีว่าการกระทรวงการท่องเที่ยวและกีฬาได้แสดงความยินดีกับวงการกีฬาวิ่งเทรลในประเทศไทย ที่มีสนามวิ่งเทรลมาตรฐานโลกเกิดขึ้นอีกหนึ่งสนาม จากสนามสุดแดนสยามที่ดอยอินทนนท์ สนาม UTMB World Series Major 1 ใน 3 ของโลก Doi Inthanon Thailand by UTMB สู่ใต้สุดของประเทศไทยที่อำเภอเบตง จังหวัดยะลา Amazean Jungle Trail by UTMB เนื่องจากความหลากหลาย และความสวยงามทางธรรมชาติของประเทศไทยเป็น Soft Power ที่ชาวต่างชาติหลงใหล ยิ่งเมื่อนำกีฬากลางแจ้ง เช่น การวิ่งเทรลไปผสมผสาน (Sport Tourism) เชื่อว่าจะได้รับความสนใจจากนักวิ่งเทรลทั่วโลกให้เดินทางเข้าร่วมแข่งขันได้ สำหรับการจัดการแข่งขันครั้งที่ผ่านมา เป็นการกีฬาและการท่องเที่ยวที่ทำให้เมืองเบตงกลับมาครึกครื้นและมีเศรษฐกิจที่ดีขึ้น รวมถึงภาพลักษณ์ที่ดีของจังหวัดชายแดนใต้ที่เริ่มถ่ายทอดสู่สายตาคนทั่วโลก ในอนาคตถือเป็นสัญญาณที่ดีของประเทศไทย ที่จะมีอีกหนึ่งอีเวนต์ที่สามารถดึงดูดนักกีฬาและนักท่องเที่ยวทั้งในและต่างประเทศ กระตุ้นเศรษฐกิจและการท่องเที่ยวในพื้นที่จัดการแข่งขัน และจังหวัดใกล้เคียง โดยในการแข่งขันครั้งถัดไปจะจัดขึ้นระหว่างวันที่ 17-19 กุมภาพันธ์ 2566 โดยชื่อ และโลโก้รายการการแข่งขันจะเปลี่ยนใหม่ ในนาม “Amazean Jungle Thailand by UTMB” โดยในการแข่งขันนี้จะมีมาตรฐานและระยะทางที่มากขึ้น รวมทั้งจะมีการปรับเส้นทางการแข่งขันให้สามารถวิ่งเข้าไปในประเทศมาเลเซียได้ ถือเป็นซิกเนเจอร์ใหม่ของงาน 

รัฐมนตรีว่าการกระทรวงการท่องเที่ยวและกีฬา ยังได้กล่าวขอบคุณหน่วยงานที่เกี่ยวข้องทั้งภาครัฐ ภาคเอกชน ภาคประชาชนในจังหวัด ที่ร่วมแรงร่วมใจกันเป็นอย่างดี พร้อมเชิญชวนให้คนไทยทุกคน รวมถึงนักท่องเที่ยวจากทั่วทุกมุมโลก เข้าร่วมกิจกรรมวิ่งเทรลในครั้งต่อไป เพื่อสัมผัสประสบการณ์การการออกกำลังกาย ควบคู่กับการชื่นชมธรรมชาติที่สวยงามในพื้นที่ 3 จังหวัดชายแดนภาคใต้ของไทยอีกด้วย"
7,ข่าวทำเนียบรัฐบาล,https://www.thaigov.go.th/news/contents/details/54889,วันจันทร์ที่ 23 พฤษภาคม 2565,23/05/2565,รายงานสรุปผลการดำเนินงานที่สำคัญ ของสำนักงานส่งเสริมวิสาหกิจขนาดกลางและขนาดย่อม ปีงบประมาณ 2565 (ประจำไตรมาสเดือนมกราคม ถึงเดือนมีนาคม 2565),รายงานสรุปผลการดำเนินงานที่สำคัญของสำนักงานส่งเสริมวิสาหกิจขนาดกลางและขนาดย่อม ปีงบประมาณ 2565 (ประจำไตรมาสเดือนมกราคม ถึงเดือนมีนาคม 2565),"สำนักงานส่งเสริมวิสาหกิจขนาดกลางและขนาดย่อม ได้รายงานสรุปผลการดำเนินงานที่สำคัญของสำนัก   งานฯ ปีงบประมาณ 2565 (ประจำไตรมาสเดือนมกราคม ถึงเดือนมีนาคม 2565) ซึ่งมีบทบาทหน้าที่หลักในการ  บูรณาการและผลักดันการส่งเสริม MSME ของหน่วยงานภาครัฐและเอกชน เพื่อให้ MSME สามารถเติบโตและแข่งขันได้ในระดับสากล ดังนี้
        1. บูรณาการความร่วมมือระหว่างประเทศ ตามบทบาทการดำเนินกิจกรรมตามกรอบความร่วมมือ “ความตกลงหุ้นส่วนทางเศรษฐกิจระดับภูมิภาค (RCEP หรือ Regional Comprehensive Economic Partnership)” ซึ่งเป็นความตกลงที่จะทำให้ผู้ประกอบการไทยโดยเฉพาะ SME ได้รับประโยชน์จากการลดกำแพงภาษีและความร่วมมือด้านเศรษฐกิจต่าง ๆ ซึ่งจะช่วยสร้างโอกาสทางการค้าให้กับสินค้าและบริการของไทย
          สำนักงานฯ ได้พัฒนาศักยภาพผู้ประกอบการสู่ความเป็น Born Global ภายใต้แนวคิด “Plug in with Global Niche Market” ให้สามารถขยายตลาดต่างประเทศด้วยการสร้างตลาดเฉพาะ (Niche Market) และขยายสู่ความเป็นตลาดเฉพาะที่กว้างขึ้น (Global Niche Market) โดยผู้ประกอบการที่เข้าร่วมได้รับการพัฒนาศักยภาพอย่างเข้มข้นผ่านการ Coaching เตรียมความพร้อมด้านการพัฒนาสินค้า/บริการและนำเสนอแผนธุรกิจให้กับผู้เชี่ยวชาญและผู้ค้า (Trader) ในการ Pitching นำเสนอสินค้า/บริการเพื่อทดสอบตลาดประเทศเป้าหมาย ได้แก่ สาธารณรัฐประชาชนจีน ประเทศมาเลเซีย และประเทศออสเตรเลีย จำนวน 206 กิจการ ตลอดจนผู้ประกอบการได้รับองค์ความรู้จากนักธุรกิจจากประเทศเป้าหมายทั้งผู้นำเข้า-ส่งออก ผู้ค้าปลีก-ค้าส่ง หรือผู้ค้าออนไลน์ มาให้มุมมองเกี่ยวกับพฤติกรรมผู้บริโภค แนวโน้มความต้องการสินค้า/บริการที่เปลี่ยนไปตามวิถี Next Normal ซึ่งครอบคลุมการเข้าสู่ตลาด RCEP ทั้งในส่วนของสินค้า/บริการ และประเทศที่น่าสนใจที่เหมาะสมกับผู้ประกอบการ MSME ไทย กว่า 212 ราย
                   2. ส่งเสริมและมุ่งเป้าผู้ประกอบการ (Focused Target) ให้ได้รับโอกาสในการเข้าถึงการบริการสนับสนุนด้านการพัฒนาธุรกิจในรูปแบบใหม่ที่ผู้ประกอบการ MSME สามารถเลือกรับบริการหรือรับการพัฒนากับผู้ให้บริการทางธุรกิจ (Business Development Service Provider : BDSP) ในด้านที่ตรงกับความต้องการของธุรกิจตนเอง ทั้งนี้ สำนักงานฯ จะให้ความช่วยเหลือ อุดหนุนจากเงินกองทุนส่งเสริมวิสาหกิจขนาดกลางและขนาดย่อม ผ่านผู้ให้บริการทางธุรกิจโดยอุดหนุนค่าใช้จ่ายในการพัฒนาให้แก่ผู้ประกอบการ MSME แบบร่วมจ่าย      (co-payment) ในสัดส่วนร้อยละ 50 – 80 ตามประเภทของค่าใช้จ่ายและขนาดของธุรกิจที่กำหนดไว้ ทั้งนี้ ผู้ประกอบการสามารถยื่นข้อเสนอเพื่อขอรับบริการและการพัฒนาในด้านต่าง ๆ ผ่านแพลตฟอร์มออนไลน์ http://bds.sme.go.th โดยเปิดให้ผู้ประกอบการขึ้นทะเบียนจนถึงวันที่ 31 กรกฎาคม 2565 แบ่งเป็น 2 ช่วงระยะเวลา ได้แก่
                   ระยะที่ 1 ตั้งแต่วันที่ 14 มีนาคม 2565 จนถึงวันที่ 14 เมษายน 2565
                   ระยะที่ 2 ตั้งแต่วันที่ 1 พฤษภาคม 2565 จนถึงวันที่ 31 กรกฎาคม 2565
                   โดยในเดือนมีนาคม 2565 มีหน่วยงานที่ได้รับอนุมัติให้ขึ้นทะเบียนเป็นผู้ให้บริการทางธุรกิจแล้ว 56 หน่วยงาน มีบริการที่ขึ้นทะเบียน 88 บริการ พร้อมกับเปิดให้ผู้ประกอบการ MSME ลงทะเบียนเพื่อรับสิทธิประโยชน์และเงินสนับสนุน โดยระยะที่ 1 มีผู้ประกอบการยื่นขอรับสิทธิกว่า 300 ราย ซึ่งผลจากการเปิดให้ลงทะเบียนที่ผ่านมาพบว่า ผู้ประกอบการไม่ทราบข่าวสารเกี่ยวกับโครงการ ไม่อยู่ในหลักเกณฑ์การสนับสนุนการให้บริการ รวมถึงยื่นเอกสารไม่ครบถ้วน/ไม่ถูกต้อง ดังนั้น สำนักงานฯ จึงได้เร่งประชาสัมพันธ์และสร้างความรู้ความเข้าใจในหลักเกณฑ์และการเตรียมพร้อมด้านเอกสาร โดยเพิ่มการลงพื้นที่ชี้แจงผู้ประกอบการในจังหวัด    ต่าง ๆ ในทุกภูมิภาค ตลอดจนขยายการบริการให้ครอบคลุมสอดคล้องกับความต้องการของธุรกิจและสอดรับกับสถานการณ์ปัจจุบัน โดยเพิ่มเติมบริการด้านการพัฒนาช่องทางจำหน่ายและการตลาด และการพัฒนาตลาดต่างประเทศ พร้อมกับขยายกลุ่มเป้าหมายเพิ่มโอกาสให้กับกลุ่มวิสาหกิจชุมชนเข้าถึงบริการมากขึ้น เนื่องจากข้อมูลพบว่า ผู้ประกอบการที่ลงทะเบียนส่วนใหญ่เป็นนิติบุคคล สูงถึงร้อยละ 70 และวิสาหกิจชุมชน เพียงร้อยละ 30 ซึ่งมีบางส่วนไม่สามารถลงทะเบียนได้ สำนักงานฯ จึงดำเนินการยกเว้นคุณสมบัติของวิสาหกิจขนาดกลางและขนาดย่อม เฉพาะที่เป็นวิสาหกิจชุมชนที่ไม่ได้มีสถานะเป็นนิติบุคคล และมีรายได้ไม่เกินหนึ่งล้านแปดแสนบาท ให้มีสิทธิยื่นข้อเสนอเพื่อขอรับความช่วยเหลือ อุดหนุนโดยไม่ต้องแนบสำเนาแบบแสดงรายการยื่นภาษีเงินได้บุคคลธรรมดา (ภงด.90) และจะได้รับสัดส่วนการให้ความช่วยเหลือ อุดหนุนจากสำนักงานฯ ไม่เกินร้อยละ 80 และวงเงินไม่เกินรายละ 50,000 บาท
                3. สร้างความร่วมมือกับเครือข่ายพันธมิตรทั้งจากหน่วยงานภาครัฐและภาคเอกชน โดยสนับสนุนให้ผู้ประกอบการ MSME มุ่งเสริมสร้าง “Reskills & Upskills” ซึ่ง สำนักงานฯ ร่วมมือกับบริษัท ซีพี ออลล์ จำกัด (มหาชน) ผลักดัน “ศูนย์ 7 สนับสนุน SME” หรือ “7 SME Support Center” โดยอาศัยความร่วมมือจากทุกภาคส่วนในการบูรณาการองค์ความรู้ และถ่ายทอดความรู้ให้กับผู้ประกอบการในการสร้างโอกาสการเติบโตทางธุรกิจผ่านกิจกรรม “SME 3ก แกร่ง เก่ง กล้า” นำเสนอภาพรวมแนวโน้มทิศทางเศรษฐกิจ มาตรการและการสนับสนุนภาครัฐ การหาแหล่งเงินทุน การเตรียมความพร้อมสู่การขายสินค้าในช่องทางโมเดิร์นเทรด การปรับตัวของเอสเอ็มอีต่อการแข่งขันในแพลตฟอร์มออนไลน์ และการแบ่งปันประสบการณ์จากผู้ประกอบการ MSME ที่ประสบความสำเร็จ ทั้งนี้ ผู้ประกอบการ MSME สามารถติดตามข่าวสาร ตลอดจนกิจกรรมต่าง ๆ ได้ที่ https://www.facebook.com/7smesupport หรือติดต่อขอรับคำปรึกษาโดยตรงได้ที่ 0 2826 7750"
8,ข่าวทำเนียบรัฐบาล,https://www.thaigov.go.th/news/contents/details/54510,วันพฤหัสบดีที่ 12 พฤษภาคม 2565,12/05/2565,ผู้ช่วยโฆษก ศบค. ยืนยันการเดินทางในรูปแบบ Thailand Pass ยังไม่เปลี่ยนแปลง ย้ำผู้เดินทางที่ได้รับวัคซีนไม่ครบเกณฑ์กำหนดต้องรอการอนุมัติ 48 ชม. พร้อมทั้งตรวจสอบการกักตัว และการจองโรงแรม/ห้องพัก,ผู้ช่วยโฆษก ศบค. ยืนยันการเดินทางในรูปแบบ Thailand Pass ยังไม่เปลี่ยนแปลง ย้ำผู้เดินทางที่ได้รับวัคซีนไม่ครบเกณฑ์กำหนดต้องรอการอนุมัติ 48 ชม. พร้อมทั้งตรวจสอบการกักตัว และการจองโรงแรม/ห้องพัก,"วันนี้ (12 พฤษภาคม 2565) เวลา 12.30 น. ณ โถงกลาง ตึกสันติไมตรี ทำเนียบรัฐบาล แพทย์หญิงอภิสมัย ศรีรังสรรค์ ผู้ช่วยโฆษกศูนย์บริหารสถานการณ์โควิด-19 ยืนยันการเดินทาง Thailand Pass ยังไม่เปลี่ยนแปลง พร้อมเผยถึงการเดินทางเข้าราชอาณาจักรภายหลังการผ่อนคลายมาตรการ ตั้งแต่วันที่ 1 - 11 พฤษภาคม 2565 ในส่วนของผู้เดินทางที่ได้รับการฉีดวัคซีนครบตามเกณฑ์กำหนด จะได้รับข้อยกเว้นไม่ต้องตรวจ RT-PCR เมื่อเดินทางมาถึงประเทศไทย เพื่อลดระยะเวลา และอำนวยความสะดวกให้กับผู้เดินทาง แต่ในกรณีที่ผู้เดินทางไม่ได้รับวัคซีนครบตามเกณฑ์กำหนด ยังคงต้องรอการอนุมัติ 48 ชั่วโมง พร้อมทั้งตรวจสอบรายละเอียดการกักตัว การจองโรงแรม/ห้องพัก อย่างไรก็ตามตั้งแต่วันที่ 1 พ.ค. มีการเดินทางเพิ่มขึ้นอย่างชัดเจน โดยเฉพาะจำนวนผู้ที่เดินทางเข้าราชอาณาจักรทางอากาศ ประมาณ 15,000 รายต่อวัน ส่วนใหญ่เป็นประเทศสิงคโปร์ อินเดีย มาเลเซีย อังกฤษ ออสเตรเลีย สหรัฐอเมริกา สหรัฐอาหรับเอมิเรตส์ กัมพูชา เวียดนาม และเยอรมณี ทั้งนี้ ขอให้ติดตามผลการประชุมหารือ ศบค. ชุดใหญ่ ถึงการปรับมาตรการให้สอดคล้องกับสถานการณ์ปัจจุบัน ในวันศุกร์ ที่ 20 พ.ค. ที่จะถึงนี้ 
....................."
9,ข่าวทำเนียบรัฐบาล,https://www.thaigov.go.th/news/contents/details/54464,วันพุธที่ 11 พฤษภาคม 2565,11/05/2565,ปลัดสำนักนายกรัฐมนตรี ให้การต้อนรับเด็กและเยาวชนจากโครงการสร้างเด็กและเยาวชนต้นแบบ รู้ รัก สามัคคี และสำนึกความเป็นไทย พร้อมนำเยี่ยมชมทำเนียบรัฐบาล,ปลัดสำนักนายกรัฐมนตรี ให้การต้อนรับเด็กและเยาวชนจากโครงการสร้างเด็กและเยาวชนต้นแบบ รู้ รัก สามัคคี และสำนึกความเป็นไทย พร้อมนำเยี่ยมชมทำเนียบรัฐบาล,"วันที่ 11 พ.ค. 65 เวลา 08.45 น. ณ บริเวณสนามหญ้าหน้าตึกไทยคู่ฟ้า ทำเนียบรัฐบาล นายธีรภัทร ประยูรสิทธิ ปลัดสำนักนายกรัฐมนตรี ให้การต้อนรับคณะผู้เข้าร่วมโครงการเครือข่ายเยาวชนเรียนรู้ประวัติศาสตร์ไทยสู่ราชวงศ์จักรี และการสัมมนาเชิงปฏิบัติการเพื่อแลกเปลี่ยนเรียนรู้และถอดบทเรียนจากการลงพื้นที่ปฏิบัติจริงในโครงการสร้างเด็กและเยาวชนต้นแบบ รู้ รัก สามัคคี และสำนึกความเป็นไทย พร้อมนำเยี่ยมชมทำเนียบรัฐบาล
 
สำหรับโครงการเครือข่ายเยาวชนเรียนรู้ประวัติศาสตร์ไทยสู่ราชวงศ์จักรี และการสัมมนาเชิงปฏิบัติการเพื่อแลกเปลี่ยนเรียนรู้และถอดบทเรียนจากการลงพื้นที่ปฏิบัติจริงในโครงการสร้างเด็กและเยาวชนต้นแบบ รู้ รัก สามัคคี และสำนึกความเป็นไทย (โครงการฯ) จัดโดยคณะกรรมการเสริมสร้างเอกลักษณ์ชองชาติ สำนักงานปลัดสำนักนายกรัฐมนตรี มีวัตถุประสงค์เพื่อให้เด็กและเยาวชน มีความเข้าใจที่ถูกต้องเกี่ยวกับประวัติศาสตร์ราชวงศ์จักรี พระราชกรณียกิจที่สำคัญของพระมหากษัตริย์แห่งราชวงศ์จักรี รวมถึงสถานที่สำคัญทางประวัติศาสตร์ โดยการลงพื้นที่ศึกษาดูงานสถานที่สำคัญที่เกี่ยวข้อง พร้อมทั้งการถอดบทเรียน และการฟังบรรยายจากวิทยากรผู้ทรงคุณวุฒิ เพื่อให้เด็กและเยาวชนเกิดความสำนึกในพระมหากรุณาธิคุณ และเป็นแรงบันดาลใจในการทำความดีเพื่อประเทศต่อไป
 
โครงการฯ ดังกล่าว มีกลุ่มเป้าหมาย ได้แก่ เด็กและเยาวชนจากโครงการสร้างเด็กและเยาวชนต้นแบบ รู้ รัก สามัคคี และสำนึกความเป็นไทย หรือ เด็กอวด (ทำ) ดี จำนวน 150 คน และที่ปรึกษาโครงการ จำนวน 50 คน รวมจำนวน 200 คน กำหนดดำเนินโครงการฯ ระหว่างวันที่ 9 - 12 พฤษภาคม 2565 ที่โรงแรมพูลแมน คิง พาวเวอร์ กรุงเทพมหานคร โดยมีกิจกรรมที่ดำเนินการ ได้แก่ กิจกรรมการบรรยายให้ความรู้โดยวิทยากรผู้ทรงคุณวุฒิ และการสัมมนาเชิงปฏิบัติการเพื่อแลกเปลี่ยนเรียนรู้ ถอดบทเรียนจากการลงพื้นที่ปฏิบัติจริง ในหัวข้อต่าง ๆ อาทิ บทบาทเยาวชนไทยกับการเรียนรู้ประวัติศาสตร์และการเสริมสร้างเอกลักษณ์ของชาติไทย การสัมมนาเชิงปฏิบัติการในหัวข้อ “สังคมไทยใต้ร่มพระบารมี” การสัมมนาเชิงปฏิบัติการในหัวข้อ “วัฒนธรรมไทยน่ารู้ : ย้อนอดีตวัฒนธรรมเชียงใหม่สู่ Gen Z” กิจกรรมแลกเปลี่ยนเรียนรู้กับบุคคลต้นแบบ กิจกรรมถอดบทเรียน เสริมสร้างทักษะการสื่อสารและการแลกเปลี่ยนเรียนรู้จากประสบการณ์การปฏิบัติงาน และการจัดแสดง/นำเสนอผลงานของโครงการฯ “Dek Show Market” โดยมีผู้ใหญ่ใจดีเข้าชมผลงานของเด็กอวด (ทำ) ดี  รวมทั้งมีการจัดกิจกรรมลงพื้นที่ศึกษาดูงานและการเรียนรู้นอกสถานที่ โดยมีวิทยากรผู้เชี่ยวชาญเป็นผู้บรรยายให้ความรู้ตลอดการลงพื้ที่ศึกษาดูงาน ที่วัดพระศรีรัตนศาสดาราม พิพิธภัณฑ์สถานแห่งชาติพระนคร การล่องเรือชมสถานที่สำคัญ และเรียนรู้ประวัติศาสตร์ ศิลปวัฒนธรรมวิถีชุมชนริมฝั่งแม่น้ำเจ้าพระยา ด้วย
 
ทั้งนี้ ในวันพรุ่งนี้ (12 พ.ค. 65) เวลาประมาณ 10.00 น. ที่โรงแรมพูลแมน คิง พาวเวอร์ กรุงเทพมหานคร รองนายกรัฐมนตรี (นายวิษณุ เครืองาม) ประธานกรรมการเอกลักษณ์ของชาติ จะเป็นประธานในพิธีปิดโครงการสร้างเด็กและเยาวชนต้นแบบ รู้ รัก สามัคคี และสำนึกความเป็นไทย หรือ เด็กอวด (ทำ) ดี และมอบรางวัล “เด็กไทยต้นแบบ” ในโครงการสร้างเด็กและเยาวชนต้นแบบ รู้ รัก สามัคคี และสำนึกความเป็นไทย หรือ เด็กอวด (ทำ) ดี ซึ่งรองนายกรัฐมนตรีจะได้รับฟังการนำเสนอบทสรุปและข้อเสนอของเยาวชนจากการดำเนินโครงการต่าง ๆ ทั่วประเทศ จากตัวแทนทีมเด็กอวด (ทำ) ดี จำนวน 4 ทีมจาก 4 ภาค ก่อนที่รองนายกรัฐมนตรีจะกล่าวให้โอวาท และมอบโล่ประกาศเกียรติคุณให้แก่ทีมเด็กและเยาวชน ที่ได้รับการคัดเลือกให้เป็นโครงการ “ระดับเพชร” และมอบประกาศเกียรติคุณให้แก่ทีมเด็กและเยาวชนที่ได้รับการคัดเลือกให้เป็นโครงการ “ระดับพลอย” ต่อไป"
